Password,Money Available,Last Name,ID,Tickets Purchased,First Name,TicketMiner Membership,Username
Fun!23,17437.56,Bass,417,0,Adam,FALSE,adambass
Fun!23,14763.23,Maldonado,296,0,Adam,TRUE,adammaldonado
Fun!23,12432.76,Disney,11,0,Aladdin,TRUE,aladdindisney
Fun!23,15158.32,Gamez,52,0,Alan,FALSE,alangamez
Fun!23,12124.41,Morris,249,0,Alejandra,FALSE,alejandramorris
Fun!23,13880.69,Vega,87,0,Alex,FALSE,alexvega
Fun!23,13140.96,Cameron,332,0,Alexander,FALSE,alexandercameron
Fun!23,16386.99,Carter,531,0,Alexander,TRUE,alexandercarter
Fun!23,13981.59,Kelly,232,0,Alexander,TRUE,alexanderkelly
Fun!23,13012.78,Wilson,850,0,Alexander,TRUE,alexanderwilson
Fun!23,10297.33,Cook,958,0,Alexandra,TRUE,alexandracook
Fun!23,12409.48,Fox,462,0,Alexandra,TRUE,alexandrafox
Fun!23,16877.36,Robinson,292,0,Alexandra,FALSE,alexandrarobinson
Fun!23,17894.14,Simpson,781,0,Alexandra,TRUE,alexandrasimpson
Fun!23,12185.28,Black,771,0,Alexis,TRUE,alexisblack
Fun!23,16471,Ford,251,0,Alexis,FALSE,alexisford
Fun!23,12149.32,Reta,75,0,Alexis,FALSE,alexisreta
Fun!23,14620.21,Shea,448,0,Alexis,FALSE,alexisshea
Fun!23,10422,Nouri,38,0,Ali,TRUE,alinouri
Fun!23,14190.92,Jenkins,384,0,Alicia,FALSE,aliciajenkins
Fun!23,15199.4,Moran,815,0,Alicia,TRUE,aliciamoran
Fun!23,16867.06,Hicks,849,0,Alison,TRUE,alisonhicks
Fun!23,17408.78,Arnold,637,0,Allen,TRUE,allenarnold
Fun!23,12500.35,Chang,275,0,Allison,TRUE,allisonchang
Fun!23,14851.77,Cross,403,0,Allison,FALSE,allisoncross
Fun!23,14918.94,Weaver,731,0,Allison,TRUE,allisonweaver
Fun!23,17696.71,Kelly,791,0,Alyssa,TRUE,alyssakelly
Fun!23,10807,Poole,674,0,Alyssa,FALSE,alyssapoole
Fun!23,12811.52,Reese,470,0,Alyssa,TRUE,alyssareese
Fun!23,10432.65,Smith,592,0,Alyssa,FALSE,alyssasmith
Fun!23,12148,Baker,1037,0,Amanda,TRUE,amandabaker
Fun!23,12650.74,Johnson,913,0,Amanda,TRUE,amandajohnson
Fun!23,10125.23,Miller,207,0,Amanda,TRUE,amandamiller
Fun!23,11508.66,Shepherd,331,0,Amanda,FALSE,amandashepherd
Fun!23,13090.33,Vang,542,0,Amanda,TRUE,amandavang
Fun!23,14845.39,Brown,359,0,Amber,TRUE,amberbrown
Fun!23,15676.81,Conley,943,0,Amber,TRUE,amberconley
Fun!23,13182.89,Long,619,0,Amber,TRUE,amberlong
Fun!23,12750,Nguyen,608,0,Amber,TRUE,ambernguyen
Fun!23,11984.62,Sellers,488,0,Amber,FALSE,ambersellers
Fun!23,10154.09,Bradley,308,0,Amy,TRUE,amybradley
Fun!23,11932.76,Chase,541,0,Amy,TRUE,amychase
Fun!23,13940.48,Fuller,968,0,Amy,TRUE,amyfuller
Fun!23,16505.94,Hall,954,0,Amy,FALSE,amyhall
Fun!23,12084.53,Mcpherson,502,0,Amy,TRUE,amymcpherson
Fun!23,10037.41,Morse,895,0,Amy,TRUE,amymorse
Fun!23,17149.43,Parsons,847,0,Amy,TRUE,amyparsons
Fun!23,10433.82,Rodriguez,476,0,Amy,TRUE,amyrodriguez
Fun!23,10372.7,Andrade,940,0,Ana,FALSE,anaandrade
Fun!23,15938.27,Ramos,899,0,Andre,TRUE,andreramos
Fun!23,14463.64,Riley,966,0,Andrea,FALSE,andreariley
Fun!23,11231.88,Atkins,695,0,Andrew,FALSE,andrewatkins
Fun!23,10197.53,Campos,236,0,Andrew,TRUE,andrewcampos
Fun!23,12842.75,Garcia,175,0,Andrew,FALSE,andrewgarcia
Fun!23,12362.56,Hall,1001,0,Andrew,FALSE,andrewhall
Fun!23,14177.11,Marshall,616,0,Andrew,FALSE,andrewmarshall
Fun!23,10854.3,Mcclure,612,0,Andrew,FALSE,andrewmcclure
Fun!23,12429.36,Norris,817,0,Andrew,TRUE,andrewnorris
Fun!23,13944.57,Parks,201,0,Andrew,FALSE,andrewparks
Fun!23,12467.31,Torres,583,0,Andrew,TRUE,andrewtorres
Fun!23,14974.77,Barber,494,0,Angel,FALSE,angelbarber
Fun!23,10090.26,Joseph,370,0,Angel,TRUE,angeljoseph
Fun!23,17124.62,Ramos,74,0,Angel,TRUE,angelramos
Fun!23,12996.59,Carney,743,0,Angela,TRUE,angelacarney
Fun!23,14084.51,English,1032,0,Angela,FALSE,angelaenglish
Fun!23,10315.71,Lang,504,0,Angela,FALSE,angelalang
Fun!23,13628.6,Mcintyre,473,0,Angela,TRUE,angelamcintyre
Fun!23,11679.24,Walker,543,0,Angela,FALSE,angelawalker
Fun!23,14467.94,Bruce,269,0,Angelica,TRUE,angelicabruce
Fun!23,11724.56,Fletcher,752,0,Anita,TRUE,anitafletcher
Fun!23,12719.55,Stein,404,0,Anita,TRUE,anitastein
Fun!23,12446.56,Miller,687,0,Ann,FALSE,annmiller
Fun!23,17965.81,Rogers,819,0,Ann,TRUE,annrogers
Fun!23,17852.37,Davis,684,0,Anna,FALSE,annadavis
Fun!23,13907.06,Gutierrez,238,0,Anna,TRUE,annagutierrez
Fun!23,12139.82,Adams,712,0,Anthony,TRUE,anthonyadams
Fun!23,17105.98,Barber,594,0,Anthony,FALSE,anthonybarber
Fun!23,12287.73,Brooks,593,0,Anthony,TRUE,anthonybrooks
Fun!23,13699.01,Byrd,978,0,Anthony,TRUE,anthonybyrd
Fun!23,14456.5,Carson,624,0,Anthony,TRUE,anthonycarson
Fun!23,13373.01,Dalton,460,0,Anthony,FALSE,anthonydalton
Fun!23,10084.9,Hardin,389,0,Anthony,FALSE,anthonyhardin
Fun!23,10505.54,Hunter,420,0,Anthony,FALSE,anthonyhunter
Fun!23,15444.9,Kramer,906,0,Anthony,TRUE,anthonykramer
Fun!23,17885.4,Moore,659,0,Anthony,FALSE,anthonymoore
Fun!23,16005.59,Sanchez,167,0,Anthony,FALSE,anthonysanchez
Fun!23,14164.62,Sims,395,0,Anthony,TRUE,anthonysims
Fun!23,11728.93,Brooks,360,0,Antonio,TRUE,antoniobrooks
Fun!23,17389.79,Edwards,604,0,Antonio,FALSE,antonioedwards
Fun!23,11223.36,Lopez,914,0,April,TRUE,aprillopez
Fun!23,11792.6,Turner,439,0,April,TRUE,aprilturner
Fun!23,16625.15,Lara,225,0,Ariana,FALSE,arianalara
Fun!23,13789.95,Disney,9,0,Ariel,FALSE,arieldisney
Fun!23,16918.5,Cabrera,47,0,Armando,TRUE,armandocabrera
Fun!23,10485.55,Evans,147,0,Ashley,TRUE,ashleyevans
Fun!23,15801.57,Frye,946,0,Ashley,TRUE,ashleyfrye
Fun!23,14337.54,Gilmore,55,0,Ashley,TRUE,ashleygilmore
Fun!23,12393.55,Jones,242,0,Ashley,TRUE,ashleyjones
Fun!23,13210.93,Morales,960,0,Ashley,TRUE,ashleymorales
Fun!23,10575.24,Romero,139,0,Ashley,FALSE,ashleyromero
Fun!23,13415.31,Walker,672,0,Ashley,TRUE,ashleywalker
Fun!23,16996.86,Wilcox,402,0,Ashley,TRUE,ashleywilcox
Fun!23,13647.87,Disney,14,0,Aurora,TRUE,auroradisney
Fun!23,10094.97,Griffin,105,0,Austin,FALSE,austingriffin
Fun!23,16316.21,Lewis,1013,0,Austin,FALSE,austinlewis
Fun!23,13059.45,Jones,469,0,Barbara,TRUE,barbarajones
Fun!23,10622.06,Lane,566,0,Barbara,FALSE,barbaralane
Fun!23,13854.8,Love,896,0,Barbara,FALSE,barbaralove
Fun!23,15772.67,Robertson,252,0,Barbara,FALSE,barbararobertson
Fun!23,11908.6,Disney,20,0,Beast,FALSE,beastdisney
Fun!23,11765.52,Gray,431,0,Becky,FALSE,beckygray
Fun!23,11547.02,Simpson,957,0,Becky,FALSE,beckysimpson
Fun!23,14526.08,Disney,21,0,Belle,FALSE,belledisney
Fun!23,13709.79,Johnson,346,0,Benjamin,TRUE,benjaminjohnson
Fun!23,16940.37,Ramirez,397,0,Benjamin,TRUE,benjaminramirez
Fun!23,14879.77,Moss,1009,0,Beth,TRUE,bethmoss
Fun!23,12746.75,Sharp,634,0,Beth,TRUE,bethsharp
Fun!23,11758.23,Johnson,120,0,Beverly,TRUE,beverlyjohnson
Fun!23,14609.62,Bennett,515,0,Bobby,TRUE,bobbybennett
Fun!23,13201.5,Gonzales,558,0,Bobby,FALSE,bobbygonzales
Fun!23,11129.51,Patel,91,0,Brad,TRUE,bradpatel
Fun!23,10810.68,Bell,575,0,Bradley,FALSE,bradleybell
Fun!23,15528.7,Rodriguez,302,0,Bradley,TRUE,bradleyrodriguez
Fun!23,17947.22,Daniel,813,0,Brandi,TRUE,brandidaniel
Fun!23,10282.81,Gordon,482,0,Brandi,TRUE,brandigordon
Fun!23,11445.52,Dillon,572,0,Brandon,FALSE,brandondillon
Fun!23,10088.94,Flores,658,0,Brandon,TRUE,brandonflores
Fun!23,17647.68,Miller,861,0,Brandon,TRUE,brandonmiller
Fun!23,11917.43,Neal,424,0,Brandon,TRUE,brandonneal
Fun!23,11867.92,Smith,444,0,Brandon,FALSE,brandonsmith
Fun!23,12126.37,Valenzuela,545,0,Brandy,TRUE,brandyvalenzuela
Fun!23,10827.62,Wilkerson,768,0,Brandy,FALSE,brandywilkerson
Fun!23,10836.5,Douglas,316,0,Brenda,FALSE,brendadouglas
Fun!23,15778.18,Phillips,910,0,Brendan,TRUE,brendanphillips
Fun!23,16052,Higgins,879,0,Brett,TRUE,bretthiggins
Fun!23,10424.94,Mathis,945,0,Brett,FALSE,brettmathis
Fun!23,11851.8,Wallace,880,0,Brett,TRUE,brettwallace
Fun!23,17386.46,Andrews,124,0,Brian,FALSE,brianandrews
Fun!23,13196.53,Castillo,262,0,Brian,FALSE,briancastillo
Fun!23,13493.54,Gates,602,0,Brian,TRUE,briangates
Fun!23,17972.12,Hayes,343,0,Brian,FALSE,brianhayes
Fun!23,17252.7,Jacobson,319,0,Brian,FALSE,brianjacobson
Fun!23,11432.41,Jensen,210,0,Brian,TRUE,brianjensen
Fun!23,14649.44,Lopez,472,0,Brian,FALSE,brianlopez
Fun!23,10762,Rojas,757,0,Brian,TRUE,brianrojas
Fun!23,13857.07,Wagner,214,0,Bridget,TRUE,bridgetwagner
Fun!23,16596.09,Andrews,94,0,Brittany,FALSE,brittanyandrews
Fun!23,16953.94,Hawkins,119,0,Brittany,FALSE,brittanyhawkins
Fun!23,11738.97,Nielsen,497,0,Brittany,FALSE,brittanynielsen
Fun!23,16680.26,Ray,228,0,Brittany,TRUE,brittanyray
Fun!23,17523.24,Richard,667,0,Brittany,TRUE,brittanyrichard
Fun!23,13382.39,Weaver,555,0,Brittany,FALSE,brittanyweaver
Fun!23,14169.88,Daniel,748,0,Brittney,FALSE,brittneydaniel
Fun!23,12549.1,Maxwell,1034,0,Brooke,FALSE,brookemaxwell
Fun!23,10744.74,Padilla,255,0,Brooke,TRUE,brookepadilla
Fun!23,14549.93,Clark,499,0,Bruce,TRUE,bruceclark
Fun!23,12638.72,Roque,77,0,Bruno,TRUE,brunoroque
Fun!23,13580.5,Fields,775,0,Bryan,FALSE,bryanfields
Fun!23,11541.36,Hardy,326,0,Bryan,FALSE,bryanhardy
Fun!23,15956.3,Massey,1021,0,Bryan,FALSE,bryanmassey
Fun!23,11665.17,Wise,870,0,Bryan,FALSE,bryanwise
Fun!23,13215.99,Lightyear,17,0,Buzz,FALSE,buzzlightyear
Fun!23,16010.86,Hook,27,0,Captaiin,TRUE,captaiinhook
Fun!23,15603.35,Foley,689,0,Carl,FALSE,carlfoley
Fun!23,12696.6,Irwin,907,0,Carlos,TRUE,carlosirwin
Fun!23,12578.29,Lynch,1012,0,Carlos,TRUE,carloslynch
Fun!23,14841.46,Ortega,68,0,Carlos,FALSE,carlosortega
Fun!23,12795.64,Hays,720,0,Carmen,FALSE,carmenhays
Fun!23,12254.99,Petersen,987,0,Carmen,TRUE,carmenpetersen
Fun!23,14552.64,Elliott,938,0,Carol,TRUE,carolelliott
Fun!23,16860.73,Torres,345,0,Caroline,TRUE,carolinetorres
Fun!23,15647.53,Dunn,875,0,Carolyn,TRUE,carolyndunn
Fun!23,13101.04,Bennett,368,0,Carrie,TRUE,carriebennett
Fun!23,12274.73,Navarro,811,0,Casey,TRUE,caseynavarro
Fun!23,14154.41,Cook,580,0,Cassandra,TRUE,cassandracook
Fun!23,13457.72,Mann,760,0,Catherine,FALSE,catherinemann
Fun!23,16789.48,Jones,218,0,Cesar,FALSE,cesarjones
Fun!23,16072.08,Clark,573,0,Chad,FALSE,chadclark
Fun!23,17862.27,Green,821,0,Chad,FALSE,chadgreen
Fun!23,17574.53,Chambers,1010,0,Charles,TRUE,charleschambers
Fun!23,12499.66,Miller,216,0,Chase,TRUE,chasemiller
Fun!23,13797.57,Gallagher,108,0,Chelsea,TRUE,chelseagallagher
Fun!23,14444.69,Porter,336,0,Chelsea,FALSE,chelseaporter
Fun!23,16601.02,Wilson,324,0,Cheryl,TRUE,cherylwilson
Fun!23,15776.95,Disney,6,0,Chip,TRUE,chipdisney
Fun!23,10130.6,Holden,259,0,Chris,TRUE,chrisholden
Fun!23,10764.18,Jones,570,0,Chris,FALSE,chrisjones
Fun!23,15812.39,King,285,0,Chris,FALSE,chrisking
Fun!23,15739.48,Ellis,866,0,Christian,FALSE,christianellis
Fun!23,12025.97,Gomez,56,0,Christian,TRUE,christiangomez
Fun!23,16242.54,Smith,223,0,Christian,TRUE,christiansmith
Fun!23,10230.41,Carter,902,0,Christina,FALSE,christinacarter
Fun!23,11990.38,Dodson,694,0,Christina,FALSE,christinadodson
Fun!23,14756.33,Jones,591,0,Christina,FALSE,christinajones
Fun!23,14126.47,Villanueva,882,0,Christina,FALSE,christinavillanueva
Fun!23,14979.76,Walker,169,0,Christina,FALSE,christinawalker
Fun!23,12222.4,Wheeler,347,0,Christina,TRUE,christinawheeler
Fun!23,11955.54,Ellis,690,0,Christine,FALSE,christineellis
Fun!23,10671.47,Berry,962,0,Christopher,TRUE,christopherberry
Fun!23,12099.52,Coleman,137,0,Christopher,TRUE,christophercoleman
Fun!23,15973.76,Contreras,98,0,Christopher,TRUE,christophercontreras
Fun!23,15460.59,Craig,576,0,Christopher,FALSE,christophercraig
Fun!23,15022.4,Davis,703,0,Christopher,FALSE,christopherdavis
Fun!23,13754.64,Dominguez,363,0,Christopher,TRUE,christopherdominguez
Fun!23,14415.06,Fields,639,0,Christopher,FALSE,christopherfields
Fun!23,12536.57,Foster,367,0,Christopher,TRUE,christopherfoster
Fun!23,10681.89,Johnson,563,0,Christopher,TRUE,christopherjohnson
Fun!23,15593.42,Jones,357,0,Christopher,TRUE,christopherjones
Fun!23,17611.14,Lucero,863,0,Christopher,TRUE,christopherlucero
Fun!23,15361.68,Melendez,526,0,Christopher,FALSE,christophermelendez
Fun!23,10078.2,Norris,116,0,Christopher,TRUE,christophernorris
Fun!23,10354.66,Ortega,912,0,Christopher,FALSE,christopherortega
Fun!23,13142.76,Osborne,632,0,Christopher,TRUE,christopherosborne
Fun!23,11807.65,Raymond,466,0,Christopher,FALSE,christopherraymond
Fun!23,17406.9,Robinson,662,0,Christopher,FALSE,christopherrobinson
Fun!23,13340.28,Sanford,518,0,Christopher,FALSE,christophersanford
Fun!23,14533.01,Underwood,734,0,Christopher,TRUE,christopherunderwood
Fun!23,11387.22,Wright,247,0,Christopher,FALSE,christopherwright
Fun!23,14180.77,Disney,8,0,Cinderella,TRUE,cinderelladisney
Fun!23,17071.7,Robles,719,0,Cody,TRUE,codyrobles
Fun!23,15240.92,Scott,185,0,Cody,FALSE,codyscott
Fun!23,14305.71,Hall,792,0,Colleen,TRUE,colleenhall
Fun!23,14512.27,Sanchez,629,0,Colleen,FALSE,colleensanchez
Fun!23,12340.72,Torres,512,0,Colleen,TRUE,colleentorres
Fun!23,13907.98,Wilson,565,0,Corey,FALSE,coreywilson
Fun!23,12779.68,Byrd,1036,0,Cory,FALSE,corybyrd
Fun!23,16582.98,Johnson,338,0,Courtney,FALSE,courtneyjohnson
Fun!23,16317.66,Olsen,1008,0,Courtney,FALSE,courtneyolsen
Fun!23,13351.29,Tran,546,0,Courtney,FALSE,courtneytran
Fun!23,14600.56,Brown,777,0,Craig,TRUE,craigbrown
Fun!23,11972.89,Espinoza,165,0,Craig,FALSE,craigespinoza
Fun!23,12305.91,Fleming,831,0,Craig,TRUE,craigfleming
Fun!23,17377.55,Oconnell,387,0,Craig,TRUE,craigoconnell
Fun!23,11413.97,Schaefer,267,0,Craig,FALSE,craigschaefer
Fun!23,12566.22,DeVil,22,0,Cruella,FALSE,cruelladevil
Fun!23,13981.55,Hayes,826,0,Crystal,FALSE,crystalhayes
Fun!23,17557.31,Hudson,109,0,Crystal,FALSE,crystalhudson
Fun!23,11898.65,Johnson,329,0,Crystal,FALSE,crystaljohnson
Fun!23,11030.64,Rice,464,0,Crystal,FALSE,crystalrice
Fun!23,16495.29,Walker,117,0,Crystal,TRUE,crystalwalker
Fun!23,14802.71,Young,636,0,Crystal,FALSE,crystalyoung
Fun!23,13364.43,Phillips,876,0,Curtis,TRUE,curtisphillips
Fun!23,13337.79,Ellis,836,0,Cynthia,FALSE,cynthiaellis
Fun!23,15787.83,Giles,685,0,Cynthia,TRUE,cynthiagiles
Fun!23,15324.86,Powell,587,0,Cynthia,TRUE,cynthiapowell
Fun!23,11177.45,Bender,361,0,Dakota,FALSE,dakotabender
Fun!23,11615.74,Harper,553,0,Dakota,FALSE,dakotaharper
Fun!23,15570.71,Disney,7,0,Dale,TRUE,daledisney
Fun!23,12151.57,Bryant,925,0,Dalton,TRUE,daltonbryant
Fun!23,14889.21,Jones,581,0,Dana,TRUE,danajones
Fun!23,14255.68,Miller,841,0,Dana,FALSE,danamiller
Fun!23,17898.32,Park,922,0,Dana,FALSE,danapark
Fun!23,16807.42,Williams,93,0,Dana,FALSE,danawilliams
Fun!23,10905.16,Foster,371,0,Daniel,TRUE,danielfoster
Fun!23,15102.69,Hampton,133,0,Daniel,TRUE,danielhampton
Fun!23,13065,Holguin,59,0,Daniel,FALSE,danielholguin
Fun!23,14635.47,Mejia,37,0,Daniel,FALSE,danielmejia
Fun!23,13260.24,Olson,97,0,Daniel,FALSE,danielolson
Fun!23,10153.43,Romero,283,0,Daniel,TRUE,danielromero
Fun!23,10179.07,Smith,716,0,Daniel,FALSE,danielsmith
Fun!23,13676.34,Summers,948,0,Daniel,TRUE,danielsummers
Fun!23,16430.93,Chavez,898,0,Danielle,FALSE,daniellechavez
Fun!23,13532.3,Conrad,992,0,Danielle,TRUE,danielleconrad
Fun!23,11991.86,Dorsey,505,0,Danielle,FALSE,danielledorsey
Fun!23,14965.73,Gardner,574,0,Danielle,FALSE,daniellegardner
Fun!23,16571.54,Baker,598,0,Darin,TRUE,darinbaker
Fun!23,13988.65,Porter,250,0,Darin,FALSE,darinporter
Fun!23,14605.65,Russell,536,0,Darlene,TRUE,darlenerussell
Fun!23,14955.31,Shaw,495,0,Darlene,FALSE,darleneshaw
Fun!23,17116.14,Jones,952,0,Darrell,TRUE,darrelljones
Fun!23,14881,Gibbs,611,0,Darren,TRUE,darrengibbs
Fun!23,13972.67,Brown,99,0,David,FALSE,davidbrown
Fun!23,16783.05,Clark,897,0,David,TRUE,davidclark
Fun!23,10643.16,Costa,578,0,David,TRUE,davidcosta
Fun!23,12702.13,Cox,649,0,David,TRUE,davidcox
Fun!23,16750.82,Davila,443,0,David,TRUE,daviddavila
Fun!23,11328.84,Gardner,145,0,David,TRUE,davidgardner
Fun!23,17611.09,Gross,246,0,David,TRUE,davidgross
Fun!23,17084.37,Harvey,600,0,David,FALSE,davidharvey
Fun!23,10794,Hayes,931,0,David,TRUE,davidhayes
Fun!23,11264.63,Johnson,1002,0,David,FALSE,davidjohnson
Fun!23,17802.76,Mills,305,0,David,TRUE,davidmills
Fun!23,13380.85,Soto,407,0,David,TRUE,davidsoto
Fun!23,13313.65,Summers,756,0,David,FALSE,davidsummers
Fun!23,12732.63,Thomas,265,0,David,FALSE,davidthomas
Fun!23,10832.77,Wright,253,0,David,FALSE,davidwright
Fun!23,13841.95,King,282,0,Dawn,TRUE,dawnking
Fun!23,13092.87,Smith,375,0,Dean,TRUE,deansmith
Fun!23,16989.03,Cummings,911,0,Deanna,FALSE,deannacummings
Fun!23,12525.61,Hunt,349,0,Deborah,TRUE,deborahhunt
Fun!23,13434.45,Scott,455,0,Deborah,TRUE,deborahscott
Fun!23,12753.67,Blackwell,503,0,Debra,TRUE,debrablackwell
Fun!23,15040.28,Raymond,795,0,Debra,TRUE,debraraymond
Fun!23,12089.32,Johnson,936,0,Denise,FALSE,denisejohnson
Fun!23,10710.62,Morales,309,0,Denise,TRUE,denisemorales
Fun!23,15033.4,Williams,341,0,Denise,FALSE,denisewilliams
Fun!23,10931.44,Cooper,933,0,Dennis,FALSE,denniscooper
Fun!23,14823.71,Reynolds,532,0,Dennis,TRUE,dennisreynolds
Fun!23,13363.2,Smith,744,0,Dennis,TRUE,dennissmith
Fun!23,16768.89,Irwin,481,0,Derek,TRUE,derekirwin
Fun!23,12875.83,Lopez,630,0,Derek,FALSE,dereklopez
Fun!23,10691.57,Macias,661,0,Derek,TRUE,derekmacias
Fun!23,10731.87,Grant,150,0,Derrick,TRUE,derrickgrant
Fun!23,14696.03,Mapula,66,0,Derrick,TRUE,derrickmapula
Fun!23,15458.93,Ferguson,233,0,Destiny,FALSE,destinyferguson
Fun!23,11217.27,Diaz,391,0,Devin,TRUE,devindiaz
Fun!23,17395.52,Garcia,53,0,Diana,TRUE,dianagarcia
Fun!23,17223.86,Matthews,562,0,Diana,FALSE,dianamatthews
Fun!23,10421.61,Rivera,994,0,Diana,TRUE,dianarivera
Fun!23,10570.04,VallesMartinez,86,0,Diana,FALSE,dianavallesmartinez
Fun!23,13472.14,Lyon,64,0,Dimitri,TRUE,dimitrilyon
Fun!23,15607.4,Duck,2,0,Donald,FALSE,donaldduck
Fun!23,14455.64,Haynes,351,0,Donald,TRUE,donaldhaynes
Fun!23,12841.05,Ramirez,975,0,Donald,FALSE,donaldramirez
Fun!23,13512.56,Tran,638,0,Donald,TRUE,donaldtran
Fun!23,14783.62,Villanueva,919,0,Donald,FALSE,donaldvillanueva
Fun!23,12236.82,Allen,206,0,Donna,TRUE,donnaallen
Fun!23,16764.03,Travis,392,0,Donna,FALSE,donnatravis
Fun!23,16645.86,Mercado,474,0,Doris,TRUE,dorismercado
Fun!23,10638.37,Moore,421,0,Doris,TRUE,dorismoore
Fun!23,15900.93,Cox,244,0,Dorothy,TRUE,dorothycox
Fun!23,10761.95,Bryant,733,0,Douglas,TRUE,douglasbryant
Fun!23,13050.47,Hernandez,709,0,Douglas,TRUE,douglashernandez
Fun!23,16309.98,Mckay,971,0,Douglas,TRUE,douglasmckay
Fun!23,13752.76,Rodriguez,115,0,Douglas,TRUE,douglasrodriguez
Fun!23,11853.02,Oliver,287,0,Dustin,TRUE,dustinoliver
Fun!23,13906.02,Harris,155,0,Dylan,TRUE,dylanharris
Fun!23,11938.12,Lopez,567,0,Dylan,FALSE,dylanlopez
Fun!23,11161.26,Garnica,54,0,Edgar,FALSE,edgargarnica
Fun!23,14729.29,Figueroa,51,0,Eduardo,FALSE,eduardofigueroa
Fun!23,13815.18,Hernandez,142,0,Edward,FALSE,edwardhernandez
Fun!23,10368.09,Jackson,509,0,Edward,FALSE,edwardjackson
Fun!23,16807.31,Johnson,365,0,Edward,FALSE,edwardjohnson
Fun!23,13387.41,Molina,610,0,Edward,TRUE,edwardmolina
Fun!23,11258.04,TomyGeorge,83,0,Edwin,FALSE,edwintomygeorge
Fun!23,11270.35,Quijas,72,0,Efren,FALSE,efrenquijas
Fun!23,17392.98,Alvarez,383,0,Elizabeth,TRUE,elizabethalvarez
Fun!23,13507.63,Castillo,805,0,Elizabeth,TRUE,elizabethcastillo
Fun!23,11190.61,Cordova,356,0,Elizabeth,FALSE,elizabethcordova
Fun!23,12836.41,Cruz,422,0,Elizabeth,FALSE,elizabethcruz
Fun!23,14524.33,Dominguez,773,0,Elizabeth,FALSE,elizabethdominguez
Fun!23,15636.24,Jackson,1005,0,Elizabeth,TRUE,elizabethjackson
Fun!23,13906.44,Kim,306,0,Elizabeth,TRUE,elizabethkim
Fun!23,14556.71,Medina,997,0,Elizabeth,TRUE,elizabethmedina
Fun!23,17285.61,Reyes,650,0,Elizabeth,FALSE,elizabethreyes
Fun!23,16777.27,Rodriguez,939,0,Elizabeth,TRUE,elizabethrodriguez
Fun!23,17439.84,Torres,753,0,Elizabeth,FALSE,elizabethtorres
Fun!23,14128.9,Brady,438,0,Emily,TRUE,emilybrady
Fun!23,14326.64,Chang,900,0,Emily,TRUE,emilychang
Fun!23,14289.97,Cole,884,0,Emily,TRUE,emilycole
Fun!23,16893.11,Estes,809,0,Emily,FALSE,emilyestes
Fun!23,14066.58,Jackson,990,0,Emily,TRUE,emilyjackson
Fun!23,17956.77,Richardson,183,0,Emily,TRUE,emilyrichardson
Fun!23,12092.41,Armstrong,337,0,Emma,FALSE,emmaarmstrong
Fun!23,14673,Padilla,430,0,Emma,FALSE,emmapadilla
Fun!23,16315.43,Ramos,471,0,Eric,FALSE,ericramos
Fun!23,16884.42,Smith,82,0,Eric,TRUE,ericsmith
Fun!23,11267.88,Vazquez,189,0,Eric,FALSE,ericvazquez
Fun!23,15455.39,Burch,924,0,Erica,FALSE,ericaburch
Fun!23,13574.75,Harrison,101,0,Erica,TRUE,ericaharrison
Fun!23,11357.47,Case,243,0,Erik,FALSE,erikcase
Fun!23,17009.59,Lopez,622,0,Erika,TRUE,erikalopez
Fun!23,15753.07,Barton,1026,0,Erin,TRUE,erinbarton
Fun!23,11823.39,Jones,793,0,Erin,FALSE,erinjones
Fun!23,10746.31,Mejia,796,0,Erin,TRUE,erinmejia
Fun!23,15381.49,Bentley,825,0,Ernest,FALSE,ernestbentley
Fun!23,13713.55,Holmes,202,0,Ethan,FALSE,ethanholmes
Fun!23,11606.69,Queen,29,0,Evil,FALSE,evilqueen
Fun!23,10865.9,Carlson,820,0,Felicia,TRUE,feliciacarlson
Fun!23,14725.36,DeSantiago,49,0,Fernando,TRUE,fernandodesantiago
Fun!23,17083,Moore,320,0,Francisco,TRUE,franciscomoore
Fun!23,11183.92,Hansen,496,0,Gabriel,TRUE,gabrielhansen
Fun!23,15263.4,Sanders,665,0,Gabriel,TRUE,gabrielsanders
Fun!23,11064.01,Parker,140,0,Gail,FALSE,gailparker
Fun!23,14483.2,Jones,61,0,Garrett,FALSE,garrettjones
Fun!23,15182.07,Mckenzie,920,0,Gary,FALSE,garymckenzie
Fun!23,16824,Miller,463,0,Gary,FALSE,garymiller
Fun!23,10248.04,Park,835,0,Gary,FALSE,garypark
Fun!23,10749.55,Smith,705,0,Gary,TRUE,garysmith
Fun!23,17351.17,Disney,25,0,Gaston,TRUE,gastondisney
Fun!23,16039.09,Ayala,800,0,George,FALSE,georgeayala
Fun!23,15348.52,Gilbert,855,0,George,TRUE,georgegilbert
Fun!23,17444.72,Proctor,802,0,George,TRUE,georgeproctor
Fun!23,16798.72,Wood,465,0,George,FALSE,georgewood
Fun!23,15215.12,Baker,449,0,Gerald,TRUE,geraldbaker
Fun!23,14730.55,Beltran,560,0,Gerald,TRUE,geraldbeltran
Fun!23,10923.78,Swanson,654,0,Gina,TRUE,ginaswanson
Fun!23,15587.18,Page,303,0,Gloria,FALSE,gloriapage
Fun!23,11231.11,Disney,4,0,Goofy,FALSE,goofydisney
Fun!23,14424.93,Kelley,530,0,Grace,FALSE,gracekelley
Fun!23,14605.48,Loi,63,0,Gregorio,TRUE,gregorioloi
Fun!23,10070.84,Carr,442,0,Gregory,FALSE,gregorycarr
Fun!23,10121.62,Maxwell,311,0,Gregory,TRUE,gregorymaxwell
Fun!23,14526.75,Short,921,0,Gregory,TRUE,gregoryshort
Fun!23,11687.45,Sullivan,280,0,Gregory,FALSE,gregorysullivan
Fun!23,10094.06,Moss,163,0,Haley,FALSE,haleymoss
Fun!23,11449.57,Arias,132,0,Hannah,FALSE,hannaharias
Fun!23,12617.55,Maldonado,506,0,Hannah,TRUE,hannahmaldonado
Fun!23,14364.06,Mcdaniel,779,0,Hayden,FALSE,haydenmcdaniel
Fun!23,12861.25,Cunningham,625,0,Heather,TRUE,heathercunningham
Fun!23,10804.87,Little,585,0,Heather,FALSE,heatherlittle
Fun!23,15202.01,Robbins,596,0,Heather,TRUE,heatherrobbins
Fun!23,10723.92,Whitney,789,0,Hector,FALSE,hectorwhitney
Fun!23,12796.86,Barker,354,0,Heidi,FALSE,heidibarker
Fun!23,16849.72,Page,557,0,Heidi,TRUE,heidipage
Fun!23,10324.3,Salazar,740,0,Henry,FALSE,henrysalazar
Fun!23,13416.41,Disney,33,0,Hercules,TRUE,herculesdisney
Fun!23,10908.35,Cruz,729,0,Holly,FALSE,hollycruz
Fun!23,17291.25,Davidson,799,0,Holly,FALSE,hollydavidson
Fun!23,11014.2,Schneider,647,0,Holly,TRUE,hollyschneider
Fun!23,14929.65,Davenport,751,0,Howard,TRUE,howarddavenport
Fun!23,15321.36,Moore,415,0,Hunter,FALSE,huntermoore
Fun!23,11209.83,Morgan,891,0,Jack,FALSE,jackmorgan
Fun!23,11693.73,Alvarez,40,0,Jacob,FALSE,jacobalvarez
Fun!23,16571.65,Contreras,628,0,Jacob,TRUE,jacobcontreras
Fun!23,11694,Norton,844,0,Jacob,FALSE,jacobnorton
Fun!23,17668.71,Williams,385,0,Jacob,TRUE,jacobwilliams
Fun!23,10722.02,Dunn,284,0,Jacqueline,FALSE,jacquelinedunn
Fun!23,16530.75,Crawford,318,0,Jade,TRUE,jadecrawford
Fun!23,10020.67,Aladdin,18,0,Jafar,TRUE,jafaraladdin
Fun!23,10878.51,Mitchell,559,0,Jake,FALSE,jakemitchell
Fun!23,11759.68,Anderson,652,0,James,FALSE,jamesanderson
Fun!23,16640.09,Brennan,595,0,James,TRUE,jamesbrennan
Fun!23,10553.01,Hammond,190,0,James,FALSE,jameshammond
Fun!23,14793.44,Henderson,241,0,James,TRUE,jameshenderson
Fun!23,12866.24,King,122,0,James,FALSE,jamesking
Fun!23,16218.71,Mitchell,1017,0,James,FALSE,jamesmitchell
Fun!23,11780.75,Morgan,586,0,James,TRUE,jamesmorgan
Fun!23,11283.87,Nolan,199,0,James,TRUE,jamesnolan
Fun!23,14334.02,Pittman,176,0,James,FALSE,jamespittman
Fun!23,16305.82,Romero,263,0,James,TRUE,jamesromero
Fun!23,17504.25,Simmons,964,0,James,TRUE,jamessimmons
Fun!23,12676.59,Simpson,824,0,James,FALSE,jamessimpson
Fun!23,16890.32,Watson,915,0,James,TRUE,jameswatson
Fun!23,16234.34,Brown,996,0,Jamie,FALSE,jamiebrown
Fun!23,11976.34,Conner,517,0,Jamie,TRUE,jamieconner
Fun!23,15086.98,Hernandez,577,0,Jamie,FALSE,jamiehernandez
Fun!23,11093.11,Hughes,617,0,Janet,TRUE,janethughes
Fun!23,16800.04,Perry,620,0,Jared,TRUE,jaredperry
Fun!23,12063.16,Scott,745,0,Jared,FALSE,jaredscott
Fun!23,10312.5,Disney,10,0,Jasmine,FALSE,jasminedisney
Fun!23,14587.69,Ramirez,304,0,Jasmine,FALSE,jasmineramirez
Fun!23,16840.27,Burke,159,0,Jason,TRUE,jasonburke
Fun!23,11023.26,Clark,676,0,Jason,FALSE,jasonclark
Fun!23,14837.89,Lee,677,0,Jason,TRUE,jasonlee
Fun!23,10778.45,Skinner,459,0,Jason,FALSE,jasonskinner
Fun!23,15524.85,Wolfe,327,0,Jason,TRUE,jasonwolfe
Fun!23,13160.39,Ray,589,0,Jeff,FALSE,jeffray
Fun!23,10637.78,Best,696,0,Jeffrey,TRUE,jeffreybest
Fun!23,12881.91,Delgado,209,0,Jeffrey,TRUE,jeffreydelgado
Fun!23,17530.37,Gonzalez,373,0,Jeffrey,FALSE,jeffreygonzalez
Fun!23,11408.99,Luna,295,0,Jeffrey,TRUE,jeffreyluna
Fun!23,11322.69,Marquez,245,0,Jeffrey,FALSE,jeffreymarquez
Fun!23,15437.97,Rodriguez,754,0,Jeffrey,TRUE,jeffreyrodriguez
Fun!23,17637.89,Sloan,342,0,Jeffrey,TRUE,jeffreysloan
Fun!23,15960.27,Weiss,135,0,Jeffrey,FALSE,jeffreyweiss
Fun!23,12806.3,Chase,533,0,Jenna,FALSE,jennachase
Fun!23,15029.39,Bailey,738,0,Jennifer,FALSE,jenniferbailey
Fun!23,17867.92,Carr,758,0,Jennifer,TRUE,jennifercarr
Fun!23,15607.09,Copeland,447,0,Jennifer,FALSE,jennifercopeland
Fun!23,10154.76,Davidson,878,0,Jennifer,FALSE,jenniferdavidson
Fun!23,14505.11,Evans,767,0,Jennifer,TRUE,jenniferevans
Fun!23,12479.41,Guzman,725,0,Jennifer,FALSE,jenniferguzman
Fun!23,15105.56,Hernandez,953,0,Jennifer,FALSE,jenniferhernandez
Fun!23,17316.94,Huang,903,0,Jennifer,FALSE,jenniferhuang
Fun!23,10666.21,Jones,816,0,Jennifer,TRUE,jenniferjones
Fun!23,17277.91,Mills,513,0,Jennifer,FALSE,jennifermills
Fun!23,16545.76,Preston,982,0,Jennifer,TRUE,jenniferpreston
Fun!23,13727.33,Schneider,929,0,Jennifer,FALSE,jenniferschneider
Fun!23,16218.5,Schultz,671,0,Jennifer,FALSE,jenniferschultz
Fun!23,12443.04,Smith,599,0,Jennifer,FALSE,jennifersmith
Fun!23,15320.1,Williams,162,0,Jennifer,TRUE,jenniferwilliams
Fun!23,16117.34,Henry,312,0,Jenny,FALSE,jennyhenry
Fun!23,15125.27,Williamson,374,0,Jeremiah,TRUE,jeremiahwilliamson
Fun!23,11810.72,Alvarez,186,0,Jeremy,FALSE,jeremyalvarez
Fun!23,15830.15,Foster,762,0,Jeremy,TRUE,jeremyfoster
Fun!23,11599.55,Morris,192,0,Jeremy,TRUE,jeremymorris
Fun!23,13774.96,Rocha,969,0,Jeremy,TRUE,jeremyrocha
Fun!23,11700.92,Dean,714,0,Jermaine,FALSE,jermainedean
Fun!23,14172.23,Curtis,134,0,Jerry,TRUE,jerrycurtis
Fun!23,10359.5,Gamble,739,0,Jerry,TRUE,jerrygamble
Fun!23,15256.04,Hampton,451,0,Jerry,TRUE,jerryhampton
Fun!23,10431.66,Lee,198,0,Jerry,FALSE,jerrylee
Fun!23,15833.94,Rodriguez,974,0,Jerry,TRUE,jerryrodriguez
Fun!23,13669.17,Smith,615,0,Jerry,FALSE,jerrysmith
Fun!23,14754.06,Dunn,889,0,Jesse,TRUE,jessedunn
Fun!23,17843.54,Montgomery,237,0,Jesse,FALSE,jessemontgomery
Fun!23,17287.76,Anderson,490,0,Jessica,TRUE,jessicaanderson
Fun!23,12335.3,Fernandez,399,0,Jessica,TRUE,jessicafernandez
Fun!23,16945.04,Frye,498,0,Jessica,FALSE,jessicafrye
Fun!23,14656.43,Lloyd,827,0,Jessica,TRUE,jessicalloyd
Fun!23,12387.87,Martin,254,0,Jessica,FALSE,jessicamartin
Fun!23,14223.73,Moore,248,0,Jessica,TRUE,jessicamoore
Fun!23,10005.65,Olsen,537,0,Jessica,FALSE,jessicaolsen
Fun!23,13806.87,Ramirez,644,0,Jessica,TRUE,jessicaramirez
Fun!23,17823.84,Smith,1028,0,Jessica,FALSE,jessicasmith
Fun!23,12429.01,Bruno,45,0,Jesus,TRUE,jesusbruno
Fun!23,13674.17,Macias,65,0,Jesus,TRUE,jesusmacias
Fun!23,10602.03,Henderson,172,0,Jill,TRUE,jillhenderson
Fun!23,10459.48,Solis,429,0,Jill,TRUE,jillsolis
Fun!23,11776.14,Knight,648,0,Joanna,FALSE,joannaknight
Fun!23,13323.97,Trevino,230,0,Joanna,FALSE,joannatrevino
Fun!23,13486.93,Sanchez,865,0,Jody,FALSE,jodysanchez
Fun!23,13971.07,Cochran,491,0,Joe,FALSE,joecochran
Fun!23,15282.01,Arellano,239,0,Joel,TRUE,joelarellano
Fun!23,15205,Welch,561,0,Joel,TRUE,joelwelch
Fun!23,13355.62,Blair,700,0,John,TRUE,johnblair
Fun!23,13076.41,Blevins,691,0,John,FALSE,johnblevins
Fun!23,10005.71,Davis,707,0,John,FALSE,johndavis
Fun!23,11339.7,Hansen,973,0,John,FALSE,johnhansen
Fun!23,14313.07,Hill,701,0,John,FALSE,johnhill
Fun!23,14911.05,House,874,0,John,TRUE,johnhouse
Fun!23,10602.12,Jones,730,0,John,TRUE,johnjones
Fun!23,15458.27,Morris,428,0,John,TRUE,johnmorris
Fun!23,15198.44,Sanders,1015,0,John,FALSE,johnsanders
Fun!23,11670.83,White,413,0,John,TRUE,johnwhite
Fun!23,16760.96,Lopez,446,0,Jon,TRUE,jonlopez
Fun!23,16713.05,Avalos,41,0,Jonathan,TRUE,jonathanavalos
Fun!23,16420.02,Ayala,44,0,Jonathan,FALSE,jonathanayala
Fun!23,15563.05,Christian,315,0,Jonathan,TRUE,jonathanchristian
Fun!23,11320.4,Martinez,806,0,Jonathan,FALSE,jonathanmartinez
Fun!23,16731.62,Wilson,330,0,Jordan,TRUE,jordanwilson
Fun!23,14169.42,Haley,721,0,Jorge,TRUE,jorgehaley
Fun!23,15377.42,Huerta,888,0,Jorge,FALSE,jorgehuerta
Fun!23,16053.63,Topete,84,0,Jorge,TRUE,jorgetopete
Fun!23,10542.01,Evans,489,0,Jose,FALSE,joseevans
Fun!23,16264.02,Farley,688,0,Jose,TRUE,josefarley
Fun!23,12813.95,Smith,814,0,Jose,TRUE,josesmith
Fun!23,14481.15,Brooks,388,0,Joseph,FALSE,josephbrooks
Fun!23,16241,Davis,886,0,Joseph,FALSE,josephdavis
Fun!23,15171.36,Fritz,823,0,Joseph,TRUE,josephfritz
Fun!23,14910.91,Hanna,1003,0,Joseph,FALSE,josephhanna
Fun!23,11002.52,Lewis,235,0,Joseph,FALSE,josephlewis
Fun!23,13425.75,Macdonald,588,0,Joseph,FALSE,josephmacdonald
Fun!23,13363.25,Robinson,871,0,Joseph,TRUE,josephrobinson
Fun!23,14965.18,Banks,715,0,Joshua,FALSE,joshuabanks
Fun!23,16652.72,Gomez,845,0,Joshua,TRUE,joshuagomez
Fun!23,11011.97,Hickman,724,0,Joshua,TRUE,joshuahickman
Fun!23,15625.61,Meadows,381,0,Joshua,FALSE,joshuameadows
Fun!23,15054.04,Brock,838,0,Juan,TRUE,juanbrock
Fun!23,13790.81,Jones,670,0,Julia,FALSE,juliajones
Fun!23,14707.33,Young,699,0,Julia,TRUE,juliayoung
Fun!23,10376.4,Gutierrez,483,0,Julian,FALSE,juliangutierrez
Fun!23,15492.21,Alexander,166,0,Julie,FALSE,juliealexander
Fun!23,15700.01,Shaw,828,0,Julie,FALSE,julieshaw
Fun!23,14836.13,Davis,500,0,Justin,FALSE,justindavis
Fun!23,13015.92,Hawkins,894,0,Justin,FALSE,justinhawkins
Fun!23,14676.62,Martinez,419,0,Justin,TRUE,justinmartinez
Fun!23,16368.31,Wilson,164,0,Justin,FALSE,justinwilson
Fun!23,15900.94,Disney,28,0,Kaa,FALSE,kaadisney
Fun!23,13449.83,Summers,916,0,Kara,TRUE,karasummers
Fun!23,13578.67,Thomas,258,0,Karen,TRUE,karenthomas
Fun!23,17086.07,Zhang,264,0,Karen,TRUE,karenzhang
Fun!23,14047.14,Davis,858,0,Karl,FALSE,karldavis
Fun!23,14144.34,Johnson,171,0,Karla,FALSE,karlajohnson
Fun!23,13735.82,Evans,102,0,Katherine,FALSE,katherineevans
Fun!23,13434.59,Mcdonald,950,0,Katherine,FALSE,katherinemcdonald
Fun!23,17703.23,Hines,548,0,Kathleen,FALSE,kathleenhines
Fun!23,11663.66,Small,321,0,Kathleen,TRUE,kathleensmall
Fun!23,12594.89,Perez,219,0,Kathryn,FALSE,kathrynperez
Fun!23,13303.49,Smith,787,0,Kathy,TRUE,kathysmith
Fun!23,10350.01,Mahoney,408,0,Kayla,TRUE,kaylamahoney
Fun!23,11817.82,Morgan,454,0,Kayla,TRUE,kaylamorgan
Fun!23,16248.02,Smith,631,0,Kayla,FALSE,kaylasmith
Fun!23,12095.86,Hale,528,0,Kaylee,TRUE,kayleehale
Fun!23,10488.22,Patterson,240,0,Kaylee,FALSE,kayleepatterson
Fun!23,12481,Christensen,783,0,Keith,TRUE,keithchristensen
Fun!23,15586.46,Ellis,394,0,Keith,FALSE,keithellis
Fun!23,16391.31,Ortiz,187,0,Keith,FALSE,keithortiz
Fun!23,15985.08,Bell,479,0,Kelly,FALSE,kellybell
Fun!23,15703.56,Harris,551,0,Kelly,FALSE,kellyharris
Fun!23,10503.91,Herring,885,0,Kelly,FALSE,kellyherring
Fun!23,11477.97,Jordan,723,0,Kelly,FALSE,kellyjordan
Fun!23,11095.73,Wilson,909,0,Kelly,TRUE,kellywilson
Fun!23,13400.02,Yu,222,0,Kelly,FALSE,kellyyu
Fun!23,16945.23,Sawyer,1038,0,Kendra,FALSE,kendrasawyer
Fun!23,10160.04,Boyd,877,0,Kenneth,FALSE,kennethboyd
Fun!23,12233.03,Davis,681,0,Kenneth,FALSE,kennethdavis
Fun!23,10231.94,House,868,0,Kenneth,TRUE,kennethhouse
Fun!23,13140.5,Smith,353,0,Kenneth,FALSE,kennethsmith
Fun!23,17666.56,Boone,741,0,Kevin,TRUE,kevinboone
Fun!23,12733.02,Gould,485,0,Kevin,FALSE,kevingould
Fun!23,16889.88,Harrison,857,0,Kevin,FALSE,kevinharrison
Fun!23,10905.69,Larson,461,0,Kevin,TRUE,kevinlarson
Fun!23,10222.41,Scott,333,0,Kevin,FALSE,kevinscott
Fun!23,16976.59,Sias,80,0,Kevin,TRUE,kevinsias
Fun!23,16096.31,Swanson,362,0,Kevin,TRUE,kevinswanson
Fun!23,13996.54,Tran,842,0,Kevin,TRUE,kevintran
Fun!23,15514.18,Buckley,195,0,Kim,FALSE,kimbuckley
Fun!23,11647.27,Contreras,522,0,Kim,TRUE,kimcontreras
Fun!23,11157.41,Craig,1016,0,Kim,FALSE,kimcraig
Fun!23,10056.66,Garcia,335,0,Kimberly,TRUE,kimberlygarcia
Fun!23,14956,Harris,1031,0,Kimberly,TRUE,kimberlyharris
Fun!23,14966.74,Johnson,550,0,Kimberly,FALSE,kimberlyjohnson
Fun!23,16671.89,Kline,131,0,Kimberly,FALSE,kimberlykline
Fun!23,11555.26,Martinez,655,0,Kimberly,FALSE,kimberlymartinez
Fun!23,15517.82,Mejia,998,0,Kimberly,FALSE,kimberlymejia
Fun!23,17800.95,Miller,932,0,Kimberly,FALSE,kimberlymiller
Fun!23,16253,Richardson,182,0,Kimberly,TRUE,kimberlyrichardson
Fun!23,16836.43,Roberts,735,0,Kimberly,TRUE,kimberlyroberts
Fun!23,16656.78,Robinson,114,0,Kirsten,FALSE,kirstenrobinson
Fun!23,11209.93,Beck,967,0,Krista,TRUE,kristabeck
Fun!23,10713.53,Blake,427,0,Krista,TRUE,kristablake
Fun!23,16796.3,Lambert,641,0,Krista,FALSE,kristalambert
Fun!23,12813.36,Martinez,1023,0,Kristen,FALSE,kristenmartinez
Fun!23,17178.68,Patrick,433,0,Kristina,TRUE,kristinapatrick
Fun!23,10017.84,Smith,856,0,Kristine,TRUE,kristinesmith
Fun!23,15661.95,Hoover,290,0,Kristy,TRUE,kristyhoover
Fun!23,17111.66,Thompson,396,0,Krystal,FALSE,krystalthompson
Fun!23,10131.38,Hodges,128,0,Kyle,FALSE,kylehodges
Fun!23,12653.52,Taylor,334,0,Kyle,TRUE,kyletaylor
Fun!23,13293.61,King,937,0,Kylie,FALSE,kylieking
Fun!23,15739,Summers,544,0,Kylie,FALSE,kyliesummers
Fun!23,13211.32,Dominguez,301,0,Lance,TRUE,lancedominguez
Fun!23,15957.97,Smith,307,0,Laura,TRUE,laurasmith
Fun!23,16943.25,Williams,1007,0,Laura,TRUE,laurawilliams
Fun!23,17801.79,Coleman,890,0,Lauren,TRUE,laurencoleman
Fun!23,13948.87,Hall,281,0,Lauren,TRUE,laurenhall
Fun!23,11080.99,Neal,161,0,Lauren,TRUE,laurenneal
Fun!23,11600.71,Johnson,854,0,Laurie,TRUE,lauriejohnson
Fun!23,11775.57,Mendoza,769,0,Laurie,TRUE,lauriemendoza
Fun!23,10284.35,Henry,664,0,Lawrence,FALSE,lawrencehenry
Fun!23,15503.31,Price,605,0,Lawrence,FALSE,lawrenceprice
Fun!23,16897.44,Burke,212,0,Lee,FALSE,leeburke
Fun!23,17213.19,Tovar,85,0,Leo,FALSE,leotovar
Fun!23,10911.34,King,704,0,Leonard,TRUE,leonardking
Fun!23,12685.04,ZapataContreras,88,0,Leonardo,TRUE,leonardozapatacontreras
Fun!23,11959.36,Walters,261,0,Leroy,FALSE,leroywalters
Fun!23,11813.62,Disney,35,0,Lilo,TRUE,lilodisney
Fun!23,15379.73,Alexander,458,0,Linda,FALSE,lindaalexander
Fun!23,16198.64,Bennett,170,0,Linda,TRUE,lindabennett
Fun!23,17804.39,Miller,843,0,Linda,FALSE,lindamiller
Fun!23,16463.59,Robles,607,0,Linda,FALSE,lindarobles
Fun!23,17255.12,Rodriguez,680,0,Linda,TRUE,lindarodriguez
Fun!23,16921.67,Webster,322,0,Lindsay,TRUE,lindsaywebster
Fun!23,12227.47,Brown,352,0,Lisa,FALSE,lisabrown
Fun!23,17825.37,Gaines,314,0,Lisa,TRUE,lisagaines
Fun!23,10484.61,Garrett,220,0,Lisa,FALSE,lisagarrett
Fun!23,14300.81,Jackson,917,0,Lisa,FALSE,lisajackson
Fun!23,10319.84,Miller,678,0,Lisa,FALSE,lisamiller
Fun!23,17510.9,Peters,859,0,Lisa,FALSE,lisapeters
Fun!23,10966.74,Robinson,538,0,Lisa,FALSE,lisarobinson
Fun!23,14872.13,Spencer,418,0,Lisa,FALSE,lisaspencer
Fun!23,13213.7,Stafford,376,0,Lisa,FALSE,lisastafford
Fun!23,10126.15,Yu,1022,0,Lisa,FALSE,lisayu
Fun!23,17457.3,Jurado,62,0,Lizbeth,TRUE,lizbethjurado
Fun!23,14021.37,Palmer,111,0,Logan,TRUE,loganpalmer
Fun!23,12966.63,Chavez,48,0,Lorelyne,TRUE,lorelynechavez
Fun!23,10705.44,Phillips,653,0,Loretta,TRUE,lorettaphillips
Fun!23,10894.47,Hall,666,0,Lori,TRUE,lorihall
Fun!23,16668.84,Johnson,774,0,Lori,TRUE,lorijohnson
Fun!23,14492.37,Livingston,999,0,Lori,TRUE,lorilivingston
Fun!23,16709.74,Boone,501,0,Louis,FALSE,louisboone
Fun!23,17172.56,Jimenez,60,0,Luis,FALSE,luisjimenez
Fun!23,15368.15,Johnson,640,0,Luis,FALSE,luisjohnson
Fun!23,11140,Solomon,984,0,Luis,TRUE,luissolomon
Fun!23,10843.11,Snyder,834,0,Marcia,FALSE,marciasnyder
Fun!23,12990.67,Smith,519,0,Margaret,FALSE,margaretsmith
Fun!23,12026.08,Kelly,1024,0,Maria,TRUE,mariakelly
Fun!23,10607.27,Mccarthy,227,0,Maria,TRUE,mariamccarthy
Fun!23,16642.85,Mitchell,297,0,Maria,TRUE,mariamitchell
Fun!23,17449.01,Young,818,0,Maria,TRUE,mariayoung
Fun!23,10051.77,Black,980,0,Mariah,FALSE,mariahblack
Fun!23,14610,Martinez,67,0,Mario,TRUE,mariomartinez
Fun!23,16821.42,Walker,278,0,Mario,TRUE,mariowalker
Fun!23,10704.26,Henry,979,0,Marissa,FALSE,marissahenry
Fun!23,11497.22,Oconnell,310,0,Marissa,TRUE,marissaoconnell
Fun!23,10626.24,Wagner,152,0,Marissa,FALSE,marissawagner
Fun!23,11850.58,Butler,1020,0,Mark,FALSE,markbutler
Fun!23,10961.77,Gonzalez,862,0,Mark,FALSE,markgonzalez
Fun!23,11286.64,Lamb,425,0,Mark,TRUE,marklamb
Fun!23,16810.54,Lee,221,0,Mark,FALSE,marklee
Fun!23,15952.34,Lozano,203,0,Mark,FALSE,marklozano
Fun!23,17911.09,Ramos,188,0,Mark,TRUE,markramos
Fun!23,14870.05,Richards,272,0,Mark,TRUE,markrichards
Fun!23,14081.7,Rogers,643,0,Mark,TRUE,markrogers
Fun!23,10496.89,Stewart,794,0,Mark,TRUE,markstewart
Fun!23,17811.41,Thompson,829,0,Mark,TRUE,markthompson
Fun!23,16940.09,Washington,883,0,Mark,TRUE,markwashington
Fun!23,10104.09,Avila,42,0,MarkAnthony,TRUE,markanthonyavila
Fun!23,16883.14,Perry,554,0,Martha,TRUE,marthaperry
Fun!23,14678.42,Edwards,568,0,Martin,TRUE,martinedwards
Fun!23,15160.05,Anderson,965,0,Mary,FALSE,maryanderson
Fun!23,13541.96,Chapman,511,0,Mary,TRUE,marychapman
Fun!23,12332.38,Church,279,0,Mary,FALSE,marychurch
Fun!23,15601.09,Cruz,291,0,Mary,TRUE,marycruz
Fun!23,12517.14,Gonzalez,686,0,Mary,TRUE,marygonzalez
Fun!23,12748.32,Grant,927,0,Mary,TRUE,marygrant
Fun!23,15149.97,Lee,698,0,Mary,FALSE,marylee
Fun!23,17306.28,Stevens,378,0,Mary,TRUE,marystevens
Fun!23,13344.08,Campbell,313,0,Matthew,TRUE,matthewcampbell
Fun!23,12307.65,Erickson,260,0,Matthew,FALSE,matthewerickson
Fun!23,16900.66,Gonzalez,645,0,Matthew,FALSE,matthewgonzalez
Fun!23,16500.65,Herrera,57,0,Matthew,TRUE,matthewherrera
Fun!23,12876.15,Khan,923,0,Matthew,FALSE,matthewkhan
Fun!23,11653.97,Mason,892,0,Matthew,TRUE,matthewmason
Fun!23,14322.4,Perez,289,0,Matthew,FALSE,matthewperez
Fun!23,13877.71,Porter,493,0,Matthew,TRUE,matthewporter
Fun!23,14438.73,Noble,125,0,Megan,TRUE,megannoble
Fun!23,12014.16,Smith,755,0,Megan,FALSE,megansmith
Fun!23,11157.01,Thompson,808,0,Megan,FALSE,meganthompson
Fun!23,17513.07,Kirk,157,0,Melanie,FALSE,melaniekirk
Fun!23,10209.7,Evans,904,0,Melissa,FALSE,melissaevans
Fun!23,10869.95,Holt,1006,0,Melissa,TRUE,melissaholt
Fun!23,14352.86,Johnson,810,0,Melissa,TRUE,melissajohnson
Fun!23,15027.3,Mccormick,104,0,Melissa,FALSE,melissamccormick
Fun!23,11198.54,Mcdonald,651,0,Melissa,FALSE,melissamcdonald
Fun!23,16433.44,Rivera,325,0,Melissa,FALSE,melissarivera
Fun!23,17746.87,Nichols,633,0,Mercedes,FALSE,mercedesnichols
Fun!23,15158,Adams,516,0,Michael,TRUE,michaeladams
Fun!23,14914.99,Castillo,400,0,Michael,TRUE,michaelcastillo
Fun!23,17131.57,Clarke,852,0,Michael,FALSE,michaelclarke
Fun!23,16571.07,Cowan,736,0,Michael,TRUE,michaelcowan
Fun!23,10344.1,Flores,763,0,Michael,FALSE,michaelflores
Fun!23,15192.03,Fox,486,0,Michael,FALSE,michaelfox
Fun!23,15439.38,Johnson,985,0,Michael,FALSE,michaeljohnson
Fun!23,12796.71,King,613,0,Michael,TRUE,michaelking
Fun!23,15600.5,Martinez,539,0,Michael,TRUE,michaelmartinez
Fun!23,14629.26,Mccormick,737,0,Michael,TRUE,michaelmccormick
Fun!23,14868.55,Moran,158,0,Michael,TRUE,michaelmoran
Fun!23,14524,Morton,520,0,Michael,TRUE,michaelmorton
Fun!23,15639.26,Murray,441,0,Michael,FALSE,michaelmurray
Fun!23,14992.51,Nunez,732,0,Michael,TRUE,michaelnunez
Fun!23,15083.98,Parrish,673,0,Michael,TRUE,michaelparrish
Fun!23,13729.07,Prince,830,0,Michael,TRUE,michaelprince
Fun!23,12260.08,Robinson,492,0,Michael,FALSE,michaelrobinson
Fun!23,10760.56,Sanchez,106,0,Michael,FALSE,michaelsanchez
Fun!23,13094.54,Smith,180,0,Michael,TRUE,michaelsmith
Fun!23,12726.53,Thomas,776,0,Michael,TRUE,michaelthomas
Fun!23,11131.28,White,184,0,Michael,TRUE,michaelwhite
Fun!23,11417.75,Williams,276,0,Michael,TRUE,michaelwilliams
Fun!23,14321.22,Williamson,832,0,Michael,FALSE,michaelwilliamson
Fun!23,17039.24,Miranda,507,0,Michaela,TRUE,michaelamiranda
Fun!23,10052.29,Sanders,797,0,Micheal,FALSE,michealsanders
Fun!23,16507.52,Cummings,386,0,Michele,FALSE,michelecummings
Fun!23,17464.14,Stevens,113,0,Michele,FALSE,michelestevens
Fun!23,16245.08,Griffin,803,0,Michelle,TRUE,michellegriffin
Fun!23,15656.32,Holland,127,0,Michelle,FALSE,michelleholland
Fun!23,13941.39,Jones,268,0,Michelle,TRUE,michellejones
Fun!23,15403.19,Maldonado,191,0,Michelle,TRUE,michellemaldonado
Fun!23,10702.24,Maynard,804,0,Michelle,TRUE,michellemaynard
Fun!23,11204.71,Oliver,801,0,Michelle,TRUE,michelleoliver
Fun!23,12336.84,Ortiz,323,0,Michelle,TRUE,michelleortiz
Fun!23,14524.54,Pruitt,534,0,Michelle,TRUE,michellepruitt
Fun!23,17603.32,Ramirez,590,0,Michelle,TRUE,michelleramirez
Fun!23,17514.98,Ray,770,0,Michelle,TRUE,michelleray
Fun!23,15271.61,Rivera,780,0,Michelle,FALSE,michellerivera
Fun!23,12429.91,Sexton,453,0,Michelle,FALSE,michellesexton
Fun!23,12342.37,Walsh,623,0,Michelle,TRUE,michellewalsh
Fun!23,17041.52,Wood,480,0,Michelle,TRUE,michellewood
Fun!23,13465.18,Mouse,1,0,Mickey,TRUE,mickeymouse
Fun!23,16947.04,Sepulveda,79,0,Miguel,FALSE,miguelsepulveda
Fun!23,16159.7,Dennis,1011,0,Mikayla,FALSE,mikayladennis
Fun!23,14918.12,Ross,872,0,Mindy,FALSE,mindyross
Fun!23,15049.78,Mouse,3,0,Minnie,TRUE,minniemouse
Fun!23,14185.66,Mason,710,0,Miranda,TRUE,mirandamason
Fun!23,15451.96,Walker,959,0,Miranda,TRUE,mirandawalker
Fun!23,14263.62,Ramirez,73,0,Miriam,TRUE,miriamramirez
Fun!23,11753.01,Horton,366,0,Misty,TRUE,mistyhorton
Fun!23,14666.53,Jimenez,569,0,Misty,FALSE,mistyjimenez
Fun!23,16234.59,Gross,951,0,Mitchell,TRUE,mitchellgross
Fun!23,14793.47,Cohen,204,0,Molly,TRUE,mollycohen
Fun!23,11592.91,Craig,746,0,Monica,FALSE,monicacraig
Fun!23,10933.82,Davenport,126,0,Monica,FALSE,monicadavenport
Fun!23,15918.52,Sullivan,983,0,Monica,FALSE,monicasullivan
Fun!23,15725.37,Disney,13,0,Mufassa,FALSE,mufassadisney
Fun!23,12873.65,Disney,34,0,Mulan,FALSE,mulandisney
Fun!23,12415.85,Morgan,148,0,Nancy,TRUE,nancymorgan
Fun!23,12195.67,Robles,527,0,Nancy,TRUE,nancyrobles
Fun!23,10340.43,Richardson,621,0,Natalie,TRUE,natalierichardson
Fun!23,14797.41,Rovelli,78,0,Natasha,FALSE,natasharovelli
Fun!23,16172.82,Wheeler,369,0,Natasha,FALSE,natashawheeler
Fun!23,15073,Coleman,181,0,Nathan,TRUE,nathancoleman
Fun!23,16530.28,Thompson,726,0,Nathan,FALSE,nathanthompson
Fun!23,11755.87,Anderson,194,0,Nicholas,TRUE,nicholasanderson
Fun!23,12388.75,Copeland,642,0,Nicholas,FALSE,nicholascopeland
Fun!23,13694.16,Jackson,669,0,Nicholas,FALSE,nicholasjackson
Fun!23,17084.28,Smith,853,0,Nicholas,TRUE,nicholassmith
Fun!23,13221.63,Hart,750,0,Nicole,TRUE,nicolehart
Fun!23,11597.63,Harvey,288,0,Nicole,TRUE,nicoleharvey
Fun!23,10400.31,Johnson,416,0,Nicole,FALSE,nicolejohnson
Fun!23,11672.18,Lloyd,851,0,Nicole,TRUE,nicolelloyd
Fun!23,13789.71,Rowland,196,0,Nicole,TRUE,nicolerowland
Fun!23,16353.35,Horne,521,0,Noah,TRUE,noahhorne
Fun!23,16751,Freeman,390,0,Norman,FALSE,normanfreeman
Fun!23,11655.53,Richardson,893,0,Olivia,FALSE,oliviarichardson
Fun!23,12004.53,Romero,193,0,Olivia,FALSE,oliviaromero
Fun!23,13499.29,Ortiz,69,0,Oscar,FALSE,oscarortiz
Fun!23,12477.02,Carter,123,0,Pamela,TRUE,pamelacarter
Fun!23,14012.91,Glenn,344,0,Patricia,FALSE,patriciaglenn
Fun!23,16205.63,Hughes,1014,0,Patricia,TRUE,patriciahughes
Fun!23,10279.76,Mcdonald,785,0,Patricia,FALSE,patriciamcdonald
Fun!23,16125.34,Bennett,784,0,Patrick,TRUE,patrickbennett
Fun!23,10349.26,Henderson,100,0,Patrick,FALSE,patrickhenderson
Fun!23,17111.46,Larsen,437,0,Patrick,TRUE,patricklarsen
Fun!23,17364.42,Fisher,231,0,Paul,FALSE,paulfisher
Fun!23,12602.39,Harmon,860,0,Paul,FALSE,paulharmon
Fun!23,14748.54,Herman,942,0,Paul,TRUE,paulherman
Fun!23,10210.62,Salas,991,0,Paul,FALSE,paulsalas
Fun!23,17772.07,Wyatt,129,0,Paula,TRUE,paulawyatt
Fun!23,10002.9,Gonzalez,39,0,PaulieJo,TRUE,pauliejogonzalez
Fun!23,12717.17,Murphy,364,0,Peggy,TRUE,peggymurphy
Fun!23,12980.59,Mcdaniel,901,0,Penny,TRUE,pennymcdaniel
Fun!23,16572.23,Hill,697,0,Perry,TRUE,perryhill
Fun!23,12932.81,Pan,15,0,Peter,TRUE,peterpan
Fun!23,17586.84,Chaney,457,0,Philip,TRUE,philipchaney
Fun!23,11402.89,Collins,414,0,Philip,FALSE,philipcollins
Fun!23,10524.14,Holt,848,0,Philip,TRUE,philipholt
Fun!23,14589.78,Zamora,156,0,Philip,TRUE,philipzamora
Fun!23,10984.17,Brown,582,0,Phillip,TRUE,phillipbrown
Fun!23,14193.95,Meyer,718,0,Phillip,FALSE,phillipmeyer
Fun!23,12179.71,Richardson,934,0,Phillip,TRUE,philliprichardson
Fun!23,16069.87,Disney,30,0,Pinocchio,FALSE,pinocchiodisney
Fun!23,13281.55,Disney,5,0,Pluto,FALSE,plutodisney
Fun!23,16543.9,Eric,31,0,Prince,TRUE,princeeric
Fun!23,13849.18,Disney,32,0,Quasimodo,TRUE,quasimododisney
Fun!23,14703.68,Hart,765,0,Rachel,FALSE,rachelhart
Fun!23,15590.49,Phillips,317,0,Rachel,TRUE,rachelphillips
Fun!23,11753.14,Roberson,411,0,Rachel,FALSE,rachelroberson
Fun!23,17372.85,Vasquez,146,0,Rachel,FALSE,rachelvasquez
Fun!23,10788.74,Keller,423,0,Randy,FALSE,randykeller
Fun!23,14868.61,Booth,452,0,Ray,TRUE,raybooth
Fun!23,13069.64,Huynh,409,0,Ray,TRUE,rayhuynh
Fun!23,12657.64,Woodward,434,0,Raymond,TRUE,raymondwoodward
Fun!23,10183.71,Brown,435,0,Rebecca,FALSE,rebeccabrown
Fun!23,15687.49,Fisher,749,0,Rebecca,TRUE,rebeccafisher
Fun!23,13269.07,Nguyen,683,0,Rebecca,TRUE,rebeccanguyen
Fun!23,16182.24,Bradley,112,0,Renee,TRUE,reneebradley
Fun!23,15105.94,Zimmerman,178,0,Renee,TRUE,reneezimmerman
Fun!23,11720.66,Kane,372,0,Rhonda,TRUE,rhondakane
Fun!23,11877.11,Rodriguez,406,0,Ricardo,TRUE,ricardorodriguez
Fun!23,12843.02,Blackwell,154,0,Richard,FALSE,richardblackwell
Fun!23,14156.51,Brown,179,0,Richard,TRUE,richardbrown
Fun!23,15420.77,Edwards,540,0,Richard,TRUE,richardedwards
Fun!23,15193.56,Paul,782,0,Richard,TRUE,richardpaul
Fun!23,13893.4,Sullivan,766,0,Richard,TRUE,richardsullivan
Fun!23,11945.67,Torres,144,0,Richard,FALSE,richardtorres
Fun!23,13615.64,Vargas,149,0,Richard,TRUE,richardvargas
Fun!23,16030.94,Parrish,609,0,Rick,FALSE,rickparrish
Fun!23,16583.13,Gardner,564,0,Ricky,TRUE,rickygardner
Fun!23,15843,Thompson,340,0,Ricky,FALSE,rickythompson
Fun!23,15489.38,Owens,432,0,Rita,FALSE,ritaowens
Fun!23,15688.48,Davis,274,0,Robert,FALSE,robertdavis
Fun!23,16691,Flores,956,0,Robert,FALSE,robertflores
Fun!23,13872.35,Kennedy,993,0,Robert,TRUE,robertkennedy
Fun!23,13621.24,Leblanc,571,0,Robert,TRUE,robertleblanc
Fun!23,17993.24,Lyons,92,0,Robert,TRUE,robertlyons
Fun!23,12749.16,Park,224,0,Robert,TRUE,robertpark
Fun!23,15590.84,Preston,103,0,Robert,TRUE,robertpreston
Fun!23,10025.7,Wang,949,0,Robert,TRUE,robertwang
Fun!23,12188.33,Wilson,358,0,Robert,FALSE,robertwilson
Fun!23,16286.21,Wu,257,0,Robert,TRUE,robertwu
Fun!23,17002.62,Gutierrez,226,0,Roberto,TRUE,robertogutierrez
Fun!23,11944.58,Watson,525,0,Robin,TRUE,robinwatson
Fun!23,11970.28,Wilson,846,0,Robin,FALSE,robinwilson
Fun!23,15332.9,Berg,556,0,Rodney,FALSE,rodneyberg
Fun!23,16570.47,Mcneil,742,0,Rodney,FALSE,rodneymcneil
Fun!23,13596.4,Moss,905,0,Rodney,TRUE,rodneymoss
Fun!23,15056.13,Casey,963,0,Roger,FALSE,rogercasey
Fun!23,13638.54,Bond,626,0,Ronald,TRUE,ronaldbond
Fun!23,17344.78,Kent,339,0,Ronald,TRUE,ronaldkent
Fun!23,12652.86,Martinez,947,0,Ronald,FALSE,ronaldmartinez
Fun!23,11007.9,Parker,136,0,Ronald,FALSE,ronaldparker
Fun!23,17206.26,Burgess,646,0,Rose,FALSE,roseburgess
Fun!23,13378.92,Edwards,401,0,Ruben,TRUE,rubenedwards
Fun!23,11524.91,AvilaRodriguez,43,0,Ruth,TRUE,ruthavilarodriguez
Fun!23,15781.19,Ponce,926,0,Ruth,FALSE,ruthponce
Fun!23,11839.34,Bowman,547,0,Ryan,TRUE,ryanbowman
Fun!23,17443.44,Brown,529,0,Ryan,FALSE,ryanbrown
Fun!23,10183.73,Mcconnell,299,0,Ryan,FALSE,ryanmcconnell
Fun!23,16277.77,Peterson,1000,0,Ryan,TRUE,ryanpeterson
Fun!23,14075.22,Rush,89,0,Ryan,TRUE,ryanrush
Fun!23,16008,Sullivan,549,0,Ryan,FALSE,ryansullivan
Fun!23,14614.53,Washington,955,0,Ryan,FALSE,ryanwashington
Fun!23,14543.67,Wilkins,445,0,Ryan,FALSE,ryanwilkins
Fun!23,17762.09,Nguyen,778,0,Sabrina,FALSE,sabrinanguyen
Fun!23,10786.31,RoblesHerrera,76,0,Salvador,TRUE,salvadorroblesherrera
Fun!23,13863.19,Cooper,484,0,Samantha,TRUE,samanthacooper
Fun!23,17550.95,Howell,197,0,Samantha,FALSE,samanthahowell
Fun!23,12346.51,May,234,0,Samantha,FALSE,samanthamay
Fun!23,14075.15,Thomas,436,0,Samantha,TRUE,samanthathomas
Fun!23,13181.96,Burton,977,0,Samuel,FALSE,samuelburton
Fun!23,14373.65,Harrington,174,0,Samuel,TRUE,samuelharrington
Fun!23,12316.42,Newton,839,0,Sandra,FALSE,sandranewton
Fun!23,10066.74,Rogers,173,0,Sandra,FALSE,sandrarogers
Fun!23,10422.01,Sutton,867,0,Sandra,FALSE,sandrasutton
Fun!23,14520.89,Blackwell,747,0,Sandy,TRUE,sandyblackwell
Fun!23,11524.86,Fox,761,0,Sara,FALSE,sarafox
Fun!23,15229.29,West,981,0,Sara,TRUE,sarawest
Fun!23,14600.5,Anderson,597,0,Sarah,FALSE,sarahanderson
Fun!23,15917.9,Cline,606,0,Sarah,FALSE,sarahcline
Fun!23,17991.29,Griffin,682,0,Sarah,TRUE,sarahgriffin
Fun!23,10378.29,Jones,668,0,Sarah,TRUE,sarahjones
Fun!23,13209.42,Mosley,350,0,Sarah,FALSE,sarahmosley
Fun!23,14246.45,Stanton,833,0,Sarah,FALSE,sarahstanton
Fun!23,13937.44,Taylor,928,0,Sarah,TRUE,sarahtaylor
Fun!23,15107.46,Lion,23,0,Scar,TRUE,scarlion
Fun!23,14002.12,Bailey,635,0,Scott,FALSE,scottbailey
Fun!23,17536.97,Dunn,663,0,Scott,TRUE,scottdunn
Fun!23,12909.78,Rose,398,0,Scott,FALSE,scottrose
Fun!23,15484.02,Hernandez,722,0,Sean,FALSE,seanhernandez
Fun!23,10449.56,Hull,405,0,Sean,TRUE,seanhull
Fun!23,14435.61,Klein,95,0,Sean,TRUE,seanklein
Fun!23,11806.16,Medina,141,0,Sean,TRUE,seanmedina
Fun!23,11771.15,Roberts,118,0,Sean,FALSE,seanroberts
Fun!23,11921.9,Smith,772,0,Sean,TRUE,seansmith
Fun!23,14046.52,Sias,81,0,Seth,FALSE,sethsias
Fun!23,17840.08,Arnold,379,0,Shane,TRUE,shanearnold
Fun!23,16810.38,Miller,130,0,Shane,FALSE,shanemiller
Fun!23,13746.46,Avery,229,0,Shannon,FALSE,shannonavery
Fun!23,12983.89,Bennett,273,0,Shannon,TRUE,shannonbennett
Fun!23,14522.22,Holden,177,0,Shannon,TRUE,shannonholden
Fun!23,12049.31,White,601,0,Shannon,TRUE,shannonwhite
Fun!23,11239.05,Castillo,941,0,Sharon,TRUE,sharoncastillo
Fun!23,17613.06,Gillespie,935,0,Sharon,FALSE,sharongillespie
Fun!23,10870.73,Miller,200,0,Sharon,TRUE,sharonmiller
Fun!23,15536.84,Lee,812,0,Shawn,TRUE,shawnlee
Fun!23,12144.02,Santos,995,0,Shawn,TRUE,shawnsantos
Fun!23,14418.81,Lewis,211,0,Sheila,FALSE,sheilalewis
Fun!23,10518.61,Jones,1035,0,Shelly,TRUE,shellyjones
Fun!23,16403.94,Khan,26,0,Shere,FALSE,sherekhan
Fun!23,16216.37,Adams,584,0,Sheri,TRUE,sheriadams
Fun!23,17743.92,Armstrong,627,0,Sherri,TRUE,sherriarmstrong
Fun!23,14060.53,Velasquez,535,0,Sherri,TRUE,sherrivelasquez
Fun!23,10216.69,Mora,864,0,Sherry,TRUE,sherrymora
Fun!23,16818.64,Foster,208,0,Shirley,FALSE,shirleyfoster
Fun!23,11868.2,Disney,12,0,Simba,TRUE,simbadisney
Fun!23,17460.91,King,24,0,Simba,FALSE,simbaking
Fun!23,17911.89,Durham,873,0,Sonia,TRUE,soniadurham
Fun!23,11221.35,Paul,328,0,Stacey,FALSE,staceypaul
Fun!23,15973.43,Maldonado,986,0,Stacy,FALSE,stacymaldonado
Fun!23,13331.83,Harris,153,0,Stephanie,TRUE,stephanieharris
Fun!23,12886.4,Kirby,656,0,Stephanie,FALSE,stephaniekirby
Fun!23,12388.1,Mcdonald,96,0,Stephanie,TRUE,stephaniemcdonald
Fun!23,14510.1,Obrien,798,0,Stephanie,FALSE,stephanieobrien
Fun!23,10478.18,Perry,976,0,Stephanie,FALSE,stephanieperry
Fun!23,14725.2,Williams,887,0,Stephanie,FALSE,stephaniewilliams
Fun!23,11492.38,Ellis,121,0,Stephen,FALSE,stephenellis
Fun!23,11398.23,Peters,1027,0,Stephen,FALSE,stephenpeters
Fun!23,16126.73,Villegas,298,0,Stephen,TRUE,stephenvillegas
Fun!23,16309.85,Cabrera,440,0,Steven,TRUE,stevencabrera
Fun!23,12565.41,Hartman,660,0,Steven,FALSE,stevenhartman
Fun!23,11898.69,Hernandez,510,0,Steven,TRUE,stevenhernandez
Fun!23,10362.4,Miller,918,0,Steven,TRUE,stevenmiller
Fun!23,13603.83,Owens,487,0,Steven,TRUE,stevenowens
Fun!23,17787.63,Disney,36,0,Stitch,FALSE,stitchdisney
Fun!23,10434.93,Allen,270,0,Susan,TRUE,susanallen
Fun!23,11599.75,Alvarez,213,0,Susan,TRUE,susanalvarez
Fun!23,10554.99,Davis,294,0,Susan,TRUE,susandavis
Fun!23,14015.09,Garcia,277,0,Susan,TRUE,susangarcia
Fun!23,15496.5,Hill,160,0,Susan,TRUE,susanhill
Fun!23,11993.27,Humphrey,256,0,Susan,TRUE,susanhumphrey
Fun!23,10467.93,PerezJuarez,71,0,Susana,FALSE,susanaperezjuarez
Fun!23,17378.31,Kennedy,944,0,Suzanne,FALSE,suzannekennedy
Fun!23,13050.85,Alexander,293,0,Tami,TRUE,tamialexander
Fun!23,11782.88,Weaver,508,0,Tami,FALSE,tamiweaver
Fun!23,14208.08,Martinez,286,0,Tammy,FALSE,tammymartinez
Fun!23,14554.84,Thomas,1004,0,Tammy,TRUE,tammythomas
Fun!23,16462.14,Waters,970,0,Tammy,FALSE,tammywaters
Fun!23,14124.15,Davis,271,0,Tanya,FALSE,tanyadavis
Fun!23,15394.51,Johnson,807,0,Tanya,TRUE,tanyajohnson
Fun!23,13468.65,Kent,393,0,Tanya,FALSE,tanyakent
Fun!23,12470.78,Turner,822,0,Tanya,FALSE,tanyaturner
Fun!23,11215.07,Rodriguez,450,0,Tara,TRUE,tararodriguez
Fun!23,16464.98,Johnson,1033,0,Taylor,FALSE,taylorjohnson
Fun!23,15574.55,Gardner,657,0,Teresa,FALSE,teresagardner
Fun!23,14010.72,Jacobs,380,0,Teresa,FALSE,teresajacobs
Fun!23,16769.16,Stewart,711,0,Teresa,TRUE,teresastewart
Fun!23,10999.81,Taylor,788,0,Teresa,FALSE,teresataylor
Fun!23,17590.66,Dixon,972,0,Terrence,TRUE,terrencedixon
Fun!23,16901.95,Mendez,410,0,Terri,FALSE,terrimendez
Fun!23,13484.37,Strickland,475,0,Terri,FALSE,terristrickland
Fun!23,13000.77,Clark,579,0,Theresa,TRUE,theresaclark
Fun!23,13564.93,Hardy,468,0,Theresa,FALSE,theresahardy
Fun!23,13437.5,Macias,300,0,Theresa,FALSE,theresamacias
Fun!23,17254.11,Obrien,107,0,Theresa,FALSE,theresaobrien
Fun!23,11962.36,Bonilla,477,0,Thomas,FALSE,thomasbonilla
Fun!23,14379.7,Clark,138,0,Thomas,TRUE,thomasclark
Fun!23,11608.4,Elliott,382,0,Thomas,FALSE,thomaselliott
Fun!23,11073.05,Hall,708,0,Thomas,FALSE,thomashall
Fun!23,11177.07,King,168,0,Thomas,FALSE,thomasking
Fun!23,16184.56,Sanders,706,0,Thomas,FALSE,thomassanders
Fun!23,16733.92,Stevenson,1018,0,Thomas,TRUE,thomasstevenson
Fun!23,10043.64,Davis,523,0,Tiffany,TRUE,tiffanydavis
Fun!23,10369.1,Jones,759,0,Tiffany,FALSE,tiffanyjones
Fun!23,13384.25,May,426,0,Tiffany,TRUE,tiffanymay
Fun!23,16438.57,Bernard,693,0,Timothy,FALSE,timothybernard
Fun!23,12099.6,Greene,989,0,Timothy,FALSE,timothygreene
Fun!23,16274.43,Johnson,790,0,Timothy,FALSE,timothyjohnson
Fun!23,15049.35,Jones,713,0,Timothy,FALSE,timothyjones
Fun!23,12913.59,Romero,217,0,Timothy,TRUE,timothyromero
Fun!23,14114.53,Wagner,1025,0,Timothy,TRUE,timothywagner
Fun!23,16975.83,Brooks,143,0,Todd,FALSE,toddbrooks
Fun!23,13408.58,Perez,90,0,Tom,FALSE,tomperez
Fun!23,14388.82,Elliott,1019,0,Tonya,TRUE,tonyaelliott
Fun!23,16455.17,Fitzgerald,786,0,Tracy,FALSE,tracyfitzgerald
Fun!23,10560.76,Burton,692,0,Travis,TRUE,travisburton
Fun!23,16796.39,Mcdonald,110,0,Travis,TRUE,travismcdonald
Fun!23,14885.35,Ruiz,377,0,Travis,FALSE,travisruiz
Fun!23,16409.41,Young,456,0,Trevor,TRUE,trevoryoung
Fun!23,13494.03,Baxter,618,0,Tyler,FALSE,tylerbaxter
Fun!23,11153.45,Evans,930,0,Tyler,FALSE,tylerevans
Fun!23,12180.05,Alvarado,881,0,Tyrone,FALSE,tyronealvarado
Fun!23,13377.91,Johnston,679,0,Tyrone,FALSE,tyronejohnston
Fun!23,10975.28,Mermaid,19,0,Ursela,TRUE,urselamermaid
Fun!23,13985.58,Duron,50,0,Valeria,TRUE,valeriaduron
Fun!23,14113.34,Moore,348,0,Valerie,FALSE,valeriemoore
Fun!23,17289.26,Carson,1029,0,Vanessa,TRUE,vanessacarson
Fun!23,10195.3,Watson,614,0,Vanessa,TRUE,vanessawatson
Fun!23,12308.9,Anderson,840,0,Victor,TRUE,victoranderson
Fun!23,16187.29,Cabral,46,0,Victor,TRUE,victorcabral
Fun!23,13765.67,Harris,717,0,Victor,FALSE,victorharris
Fun!23,17140.45,HerreraVidales,58,0,Victor,TRUE,victorherreravidales
Fun!23,13742.66,Ross,603,0,Victor,FALSE,victorross
Fun!23,16906.94,Ellis,908,0,Victoria,TRUE,victoriaellis
Fun!23,13612.94,Martin,151,0,Victoria,TRUE,victoriamartin
Fun!23,14635.2,Moses,524,0,Victoria,FALSE,victoriamoses
Fun!23,11564.93,White,837,0,Victoria,TRUE,victoriawhite
Fun!23,16850.78,Harrison,961,0,Vincent,FALSE,vincentharrison
Fun!23,16590.85,Phelps,215,0,Virginia,TRUE,virginiaphelps
Fun!23,15452.82,Campos,514,0,Wendy,FALSE,wendycampos
Fun!23,15906.27,Montoya,869,0,Wendy,FALSE,wendymontoya
Fun!23,16583.44,Phillips,1030,0,Wendy,TRUE,wendyphillips
Fun!23,13753.65,Stanton,467,0,Wendy,FALSE,wendystanton
Fun!23,17158.25,Lambert,478,0,Wesley,FALSE,wesleylambert
Fun!23,14706.65,Williamson,702,0,Wesley,TRUE,wesleywilliamson
Fun!23,15043.34,Adkins,727,0,William,TRUE,williamadkins
Fun!23,13652.36,Evans,552,0,William,TRUE,williamevans
Fun!23,10578.4,Hunter,266,0,William,FALSE,williamhunter
Fun!23,17729.61,Ortiz,675,0,William,TRUE,williamortiz
Fun!23,16102.17,Rice,764,0,William,FALSE,williamrice
Fun!23,13053.42,Wolf,355,0,William,FALSE,williamwolf
Fun!23,14107.56,Hobbs,728,0,Willie,TRUE,williehobbs
Fun!23,16399.48,Disney,16,0,Woody,FALSE,woodydisney
Fun!23,17954.87,Parada,70,0,Ximena,FALSE,ximenaparada
Fun!23,13196.84,Campbell,988,0,Zachary,FALSE,zacharycampbell
Fun!23,11023.99,Ellison,205,0,Zachary,TRUE,zacharyellison
Fun!23,16738.59,Tran,412,0,Zachary,FALSE,zacharytran